,dimension,r2_score
0,Work,0.4
1,Demography,0.3333333333333333
2,Health,0.2916666666666667
3,International Organizations,0.2916666666666667
4,Financial Flows,0.2857142857142857
5,Communication,0.2777777777777778
6,Socio-economic Sustainability,0.26666666666666666
7,Environment,0.2608695652173913
8,Education,0.25
9,Income,0.25
10,Gender,0.23076923076923078
11,Human Security,0.2
12,Inequality,0.2
13,Poverty,0.16666666666666666
